,rowid,_dyn_#scan,_dyn_#precmz,formula,unsat,_dyn_#ms1scan,_dyn_#rt,_dyn_#charge,_dyn_#i,_dyn_#i_norm,_dyn_#mslevel,_dyn_#i_norm_ms1,_dyn_#query_index,_dyn_#filename,_dyn_#original_path,_dyn_#new_scan,_dyn_#new_filename,id,carbons,hydrogens,oxygens
0,C12 double 5.876166667,9852.0,282.2064,C16H27NO3,4.0,0.0,5.876166667,1.0,2146400000.0,1.0,2.0,,0.0,20211117_JGI-AK-TH_AP_507288_EColiHSLs_final_QE-139_C18_USDAY63649_REUPLOAD_positive_MSMS.mgf,bpbowen/20211117_JGI-AK-TH_AP_507288_EColiHSLs_final_QE-139_C18_USDAY63649_REUPLOAD_positive/featurems2/20211117_JGI-AK-TH_AP_507288_EColiHSLs_final_QE-139_C18_USDAY63649_REUPLOAD_positive_MSMS.mgf,30.0,extracted_887b3958-2ee8-4643-8f5a-0796029c8998.mzML,0.0,C16,27,3
1,3OHC14 2 double 6.05145,43519.0,324.2168,C18H29NO4,5.0,0.0,6.05145,1.0,463410000.0,1.0,2.0,,0.0,20211117_JGI-AK-TH_AP_507288_EColiHSLs_final_QE-139_C18_USDAY63649_REUPLOAD_positive_MSMS.mgf,bpbowen/20211117_JGI-AK-TH_AP_507288_EColiHSLs_final_QE-139_C18_USDAY63649_REUPLOAD_positive/featurems2/20211117_JGI-AK-TH_AP_507288_EColiHSLs_final_QE-139_C18_USDAY63649_REUPLOAD_positive_MSMS.mgf,229.0,extracted_887b3958-2ee8-4643-8f5a-0796029c8998.mzML,1.0,C18,29,4
2,3oxoC10 4.941783333,4580.0,270.1698,C14H23NO4,4.0,0.0,4.941783333,1.0,429130000.0,1.0,2.0,,0.0,20211117_JGI-AK-TH_AP_507288_EColiHSLs_final_QE-139_C18_USDAY63649_REUPLOAD_positive_MSMS.mgf,bpbowen/20211117_JGI-AK-TH_AP_507288_EColiHSLs_final_QE-139_C18_USDAY63649_REUPLOAD_positive/featurems2/20211117_JGI-AK-TH_AP_507288_EColiHSLs_final_QE-139_C18_USDAY63649_REUPLOAD_positive_MSMS.mgf,2.0,extracted_887b3958-2ee8-4643-8f5a-0796029c8998.mzML,2.0,C14,23,4
3,3oxoC6 2.804883333,6271.0,214.107,C10H15NO4,4.0,0.0,2.804883333,1.0,386800000.0,1.0,2.0,,0.0,20211117_JGI-AK-TH_AP_507288_EColiHSLs_final_QE-139_C18_USDAY63649_REUPLOAD_positive_MSMS.mgf,bpbowen/20211117_JGI-AK-TH_AP_507288_EColiHSLs_final_QE-139_C18_USDAY63649_REUPLOAD_positive/featurems2/20211117_JGI-AK-TH_AP_507288_EColiHSLs_final_QE-139_C18_USDAY63649_REUPLOAD_positive_MSMS.mgf,9.0,extracted_887b3958-2ee8-4643-8f5a-0796029c8998.mzML,3.0,C10,15,4
4,C12 6.181016667,6124.0,284.2222,C16H29NO3,3.0,0.0,6.181016667,1.0,302130000.0,1.0,2.0,,0.0,20211117_JGI-AK-TH_AP_507288_EColiHSLs_final_QE-139_C18_USDAY63649_REUPLOAD_positive_MSMS.mgf,bpbowen/20211117_JGI-AK-TH_AP_507288_EColiHSLs_final_QE-139_C18_USDAY63649_REUPLOAD_positive/featurems2/20211117_JGI-AK-TH_AP_507288_EColiHSLs_final_QE-139_C18_USDAY63649_REUPLOAD_positive_MSMS.mgf,8.0,extracted_887b3958-2ee8-4643-8f5a-0796029c8998.mzML,4.0,C16,29,3
5,3OHC12 2 double 5.44925,33597.0,296.186,C16H25NO4,5.0,0.0,5.44925,1.0,302050000.0,1.0,2.0,,0.0,20211117_JGI-AK-TH_AP_507288_EColiHSLs_final_QE-139_C18_USDAY63649_REUPLOAD_positive_MSMS.mgf,bpbowen/20211117_JGI-AK-TH_AP_507288_EColiHSLs_final_QE-139_C18_USDAY63649_REUPLOAD_positive/featurems2/20211117_JGI-AK-TH_AP_507288_EColiHSLs_final_QE-139_C18_USDAY63649_REUPLOAD_positive_MSMS.mgf,134.0,extracted_887b3958-2ee8-4643-8f5a-0796029c8998.mzML,6.0,C16,25,4
6,3oxoC14 6.432083333,10733.0,326.2324,C18H31NO4,4.0,0.0,6.432083333,1.0,279010000.0,1.0,2.0,,0.0,20211117_JGI-AK-TH_AP_507288_EColiHSLs_final_QE-139_C18_USDAY63649_REUPLOAD_positive_MSMS.mgf,bpbowen/20211117_JGI-AK-TH_AP_507288_EColiHSLs_final_QE-139_C18_USDAY63649_REUPLOAD_positive/featurems2/20211117_JGI-AK-TH_AP_507288_EColiHSLs_final_QE-139_C18_USDAY63649_REUPLOAD_positive_MSMS.mgf,41.0,extracted_887b3958-2ee8-4643-8f5a-0796029c8998.mzML,7.0,C18,31,4
7,potential 3oxoC14 isomer 6.308883333,81497.0,326.2327,C18H31NO4,4.0,0.0,6.308883333,1.0,279010000.0,1.0,2.0,,0.0,20211117_JGI-AK-TH_AP_507288_EColiHSLs_final_QE-139_C18_USDAY63649_REUPLOAD_positive_MSMS.mgf,bpbowen/20211117_JGI-AK-TH_AP_507288_EColiHSLs_final_QE-139_C18_USDAY63649_REUPLOAD_positive/featurems2/20211117_JGI-AK-TH_AP_507288_EColiHSLs_final_QE-139_C18_USDAY63649_REUPLOAD_positive_MSMS.mgf,317.0,extracted_887b3958-2ee8-4643-8f5a-0796029c8998.mzML,9.0,C18,31,4
8,3OHC8 3.781116667,13231.0,244.1546,C12H21NO4,3.0,0.0,3.781116667,1.0,276100000.0,1.0,2.0,,0.0,20211117_JGI-AK-TH_AP_507288_EColiHSLs_final_QE-139_C18_USDAY63649_REUPLOAD_positive_MSMS.mgf,bpbowen/20211117_JGI-AK-TH_AP_507288_EColiHSLs_final_QE-139_C18_USDAY63649_REUPLOAD_positive/featurems2/20211117_JGI-AK-TH_AP_507288_EColiHSLs_final_QE-139_C18_USDAY63649_REUPLOAD_positive_MSMS.mgf,51.0,extracted_887b3958-2ee8-4643-8f5a-0796029c8998.mzML,10.0,C12,21,4
9,3OHC6 2.681866667,14986.0,216.1224,C10H17NO4,3.0,0.0,2.681866667,1.0,271470000.0,1.0,2.0,,0.0,20211117_JGI-AK-TH_AP_507288_EColiHSLs_final_QE-139_C18_USDAY63649_REUPLOAD_positive_MSMS.mgf,bpbowen/20211117_JGI-AK-TH_AP_507288_EColiHSLs_final_QE-139_C18_USDAY63649_REUPLOAD_positive/featurems2/20211117_JGI-AK-TH_AP_507288_EColiHSLs_final_QE-139_C18_USDAY63649_REUPLOAD_positive_MSMS.mgf,60.0,extracted_887b3958-2ee8-4643-8f5a-0796029c8998.mzML,12.0,C10,17,4
10,3OHC10 4.70495,6731.0,272.1857,C14H25NO4,3.0,0.0,4.70495,1.0,207261000.0,1.0,2.0,,0.0,20211117_JGI-AK-TH_AP_507288_EColiHSLs_final_QE-139_C18_USDAY63649_REUPLOAD_positive_MSMS.mgf,bpbowen/20211117_JGI-AK-TH_AP_507288_EColiHSLs_final_QE-139_C18_USDAY63649_REUPLOAD_positive/featurems2/20211117_JGI-AK-TH_AP_507288_EColiHSLs_final_QE-139_C18_USDAY63649_REUPLOAD_positive_MSMS.mgf,12.0,extracted_887b3958-2ee8-4643-8f5a-0796029c8998.mzML,13.0,C14,25,4
11,C8 4.736166667,17428.0,228.1596,C12H21NO3,3.0,0.0,4.736166667,1.0,205765000.0,1.0,2.0,,0.0,20211117_JGI-AK-TH_AP_507288_EColiHSLs_final_QE-139_C18_USDAY63649_REUPLOAD_positive_MSMS.mgf,bpbowen/20211117_JGI-AK-TH_AP_507288_EColiHSLs_final_QE-139_C18_USDAY63649_REUPLOAD_positive/featurems2/20211117_JGI-AK-TH_AP_507288_EColiHSLs_final_QE-139_C18_USDAY63649_REUPLOAD_positive_MSMS.mgf,66.0,extracted_887b3958-2ee8-4643-8f5a-0796029c8998.mzML,14.0,C12,21,3
12,slower 3OHC10 4.851,22515.0,272.1857,C14H25NO4,3.0,0.0,4.851,1.0,188690000.0,1.0,2.0,,0.0,20211117_JGI-AK-TH_AP_507288_EColiHSLs_final_QE-139_C18_USDAY63649_REUPLOAD_positive_MSMS.mgf,bpbowen/20211117_JGI-AK-TH_AP_507288_EColiHSLs_final_QE-139_C18_USDAY63649_REUPLOAD_positive/featurems2/20211117_JGI-AK-TH_AP_507288_EColiHSLs_final_QE-139_C18_USDAY63649_REUPLOAD_positive_MSMS.mgf,91.0,extracted_887b3958-2ee8-4643-8f5a-0796029c8998.mzML,15.0,C14,25,4
13,C14 double 6.51845,9538.0,310.2375,C18H31NO3,4.0,0.0,6.51845,1.0,181335000.0,1.0,2.0,,0.0,20211117_JGI-AK-TH_AP_507288_EColiHSLs_final_QE-139_C18_USDAY63649_REUPLOAD_positive_MSMS.mgf,bpbowen/20211117_JGI-AK-TH_AP_507288_EColiHSLs_final_QE-139_C18_USDAY63649_REUPLOAD_positive/featurems2/20211117_JGI-AK-TH_AP_507288_EColiHSLs_final_QE-139_C18_USDAY63649_REUPLOAD_positive_MSMS.mgf,20.0,extracted_887b3958-2ee8-4643-8f5a-0796029c8998.mzML,16.0,C18,31,3
14,3oxoC8 3.996266667,21366.0,242.1387,C12H19NO4,4.0,0.0,3.996266667,1.0,174490000.0,1.0,2.0,,0.0,20211117_JGI-AK-TH_AP_507288_EColiHSLs_final_QE-139_C18_USDAY63649_REUPLOAD_positive_MSMS.mgf,bpbowen/20211117_JGI-AK-TH_AP_507288_EColiHSLs_final_QE-139_C18_USDAY63649_REUPLOAD_positive/featurems2/20211117_JGI-AK-TH_AP_507288_EColiHSLs_final_QE-139_C18_USDAY63649_REUPLOAD_positive_MSMS.mgf,83.0,extracted_887b3958-2ee8-4643-8f5a-0796029c8998.mzML,17.0,C12,19,4
15,3oxoC12 5.705166667,34943.0,298.2015,C16H27NO4,4.0,0.0,5.705166667,1.0,170440000.0,1.0,2.0,,0.0,20211117_JGI-AK-TH_AP_507288_EColiHSLs_final_QE-139_C18_USDAY63649_REUPLOAD_positive_MSMS.mgf,bpbowen/20211117_JGI-AK-TH_AP_507288_EColiHSLs_final_QE-139_C18_USDAY63649_REUPLOAD_positive/featurems2/20211117_JGI-AK-TH_AP_507288_EColiHSLs_final_QE-139_C18_USDAY63649_REUPLOAD_positive_MSMS.mgf,143.0,extracted_887b3958-2ee8-4643-8f5a-0796029c8998.mzML,18.0,C16,27,4
16,3OHC12 5.475066667,26994.0,300.217,C16H29NO4,3.0,0.0,5.475066667,1.0,165860000.0,1.0,2.0,,0.0,20211117_JGI-AK-TH_AP_507288_EColiHSLs_final_QE-139_C18_USDAY63649_REUPLOAD_positive_MSMS.mgf,bpbowen/20211117_JGI-AK-TH_AP_507288_EColiHSLs_final_QE-139_C18_USDAY63649_REUPLOAD_positive/featurems2/20211117_JGI-AK-TH_AP_507288_EColiHSLs_final_QE-139_C18_USDAY63649_REUPLOAD_positive_MSMS.mgf,105.0,extracted_887b3958-2ee8-4643-8f5a-0796029c8998.mzML,19.0,C16,29,4
17,potential 3oxoC12 isomer 5.243266667,35285.0,298.2015,C16H27NO4,4.0,0.0,5.243266667,1.0,157980000.0,1.0,2.0,,0.0,20211117_JGI-AK-TH_AP_507288_EColiHSLs_final_QE-139_C18_USDAY63649_REUPLOAD_positive_MSMS.mgf,bpbowen/20211117_JGI-AK-TH_AP_507288_EColiHSLs_final_QE-139_C18_USDAY63649_REUPLOAD_positive/featurems2/20211117_JGI-AK-TH_AP_507288_EColiHSLs_final_QE-139_C18_USDAY63649_REUPLOAD_positive_MSMS.mgf,155.0,extracted_887b3958-2ee8-4643-8f5a-0796029c8998.mzML,21.0,C16,27,4
18,slower C4 2.420766667,12392.0,172.0967,C8H13NO3,3.0,0.0,2.420766667,1.0,141299000.0,1.0,2.0,,0.0,20211117_JGI-AK-TH_AP_507288_EColiHSLs_final_QE-139_C18_USDAY63649_REUPLOAD_positive_MSMS.mgf,bpbowen/20211117_JGI-AK-TH_AP_507288_EColiHSLs_final_QE-139_C18_USDAY63649_REUPLOAD_positive/featurems2/20211117_JGI-AK-TH_AP_507288_EColiHSLs_final_QE-139_C18_USDAY63649_REUPLOAD_positive_MSMS.mgf,50.0,extracted_887b3958-2ee8-4643-8f5a-0796029c8998.mzML,23.0,C8,13,3
19,C4 2.30635,28172.0,172.0966,C8H13NO3,3.0,0.0,2.30635,1.0,141299000.0,1.0,2.0,,0.0,20211117_JGI-AK-TH_AP_507288_EColiHSLs_final_QE-139_C18_USDAY63649_REUPLOAD_positive_MSMS.mgf,bpbowen/20211117_JGI-AK-TH_AP_507288_EColiHSLs_final_QE-139_C18_USDAY63649_REUPLOAD_positive/featurems2/20211117_JGI-AK-TH_AP_507288_EColiHSLs_final_QE-139_C18_USDAY63649_REUPLOAD_positive_MSMS.mgf,108.0,extracted_887b3958-2ee8-4643-8f5a-0796029c8998.mzML,24.0,C8,13,3
20,C8 double 3.796216667,26922.0,226.1433,C12H19NO3,4.0,0.0,3.796216667,1.0,140010000.0,1.0,2.0,,0.0,20211117_JGI-AK-TH_AP_507288_EColiHSLs_final_QE-139_C18_USDAY63649_REUPLOAD_positive_MSMS.mgf,bpbowen/20211117_JGI-AK-TH_AP_507288_EColiHSLs_final_QE-139_C18_USDAY63649_REUPLOAD_positive/featurems2/20211117_JGI-AK-TH_AP_507288_EColiHSLs_final_QE-139_C18_USDAY63649_REUPLOAD_positive_MSMS.mgf,100.0,extracted_887b3958-2ee8-4643-8f5a-0796029c8998.mzML,25.0,C12,19,3
21,potential 3oxoC14 isomer 5.8017,9549.0,326.2326,C18H31NO4,4.0,0.0,5.8017,1.0,137800000.0,1.0,2.0,,0.0,20211117_JGI-AK-TH_AP_507288_EColiHSLs_final_QE-139_C18_USDAY63649_REUPLOAD_positive_MSMS.mgf,bpbowen/20211117_JGI-AK-TH_AP_507288_EColiHSLs_final_QE-139_C18_USDAY63649_REUPLOAD_positive/featurems2/20211117_JGI-AK-TH_AP_507288_EColiHSLs_final_QE-139_C18_USDAY63649_REUPLOAD_positive_MSMS.mgf,21.0,extracted_887b3958-2ee8-4643-8f5a-0796029c8998.mzML,26.0,C18,31,4
22,slower 3OHC8 4.00185,63476.0,244.1541,C12H21NO4,3.0,0.0,4.00185,1.0,113750000.0,1.0,2.0,,0.0,20211117_JGI-AK-TH_AP_507288_EColiHSLs_final_QE-139_C18_USDAY63649_REUPLOAD_positive_MSMS.mgf,bpbowen/20211117_JGI-AK-TH_AP_507288_EColiHSLs_final_QE-139_C18_USDAY63649_REUPLOAD_positive/featurems2/20211117_JGI-AK-TH_AP_507288_EColiHSLs_final_QE-139_C18_USDAY63649_REUPLOAD_positive_MSMS.mgf,279.0,extracted_887b3958-2ee8-4643-8f5a-0796029c8998.mzML,27.0,C12,21,4
23,3OHC14 6.13105,30133.0,328.2483,C18H33NO4,3.0,0.0,6.13105,1.0,105936000.0,1.0,2.0,,0.0,20211117_JGI-AK-TH_AP_507288_EColiHSLs_final_QE-139_C18_USDAY63649_REUPLOAD_positive_MSMS.mgf,bpbowen/20211117_JGI-AK-TH_AP_507288_EColiHSLs_final_QE-139_C18_USDAY63649_REUPLOAD_positive/featurems2/20211117_JGI-AK-TH_AP_507288_EColiHSLs_final_QE-139_C18_USDAY63649_REUPLOAD_positive_MSMS.mgf,116.0,extracted_887b3958-2ee8-4643-8f5a-0796029c8998.mzML,30.0,C18,33,4
24,C6 3.618966667,6501.0,200.128,C10H17NO3,3.0,0.0,3.618966667,1.0,89538000.0,1.0,2.0,,0.0,20211117_JGI-AK-TH_AP_507288_EColiHSLs_final_QE-139_C18_USDAY63649_REUPLOAD_positive_MSMS.mgf,bpbowen/20211117_JGI-AK-TH_AP_507288_EColiHSLs_final_QE-139_C18_USDAY63649_REUPLOAD_positive/featurems2/20211117_JGI-AK-TH_AP_507288_EColiHSLs_final_QE-139_C18_USDAY63649_REUPLOAD_positive_MSMS.mgf,11.0,extracted_887b3958-2ee8-4643-8f5a-0796029c8998.mzML,31.0,C10,17,3
25,C10 double 4.683766667,26943.0,254.1749,C14H23NO3,4.0,0.0,4.683766667,1.0,79852000.0,1.0,2.0,,0.0,20211117_JGI-AK-TH_AP_507288_EColiHSLs_final_QE-139_C18_USDAY63649_REUPLOAD_positive_MSMS.mgf,bpbowen/20211117_JGI-AK-TH_AP_507288_EColiHSLs_final_QE-139_C18_USDAY63649_REUPLOAD_positive/featurems2/20211117_JGI-AK-TH_AP_507288_EColiHSLs_final_QE-139_C18_USDAY63649_REUPLOAD_positive_MSMS.mgf,102.0,extracted_887b3958-2ee8-4643-8f5a-0796029c8998.mzML,34.0,C14,23,3
26,C10 double 5.280083333,33454.0,254.1753,C14H23NO3,4.0,0.0,5.280083333,1.0,73107000.0,1.0,2.0,,0.0,20211117_JGI-AK-TH_AP_507288_EColiHSLs_final_QE-139_C18_USDAY63649_REUPLOAD_positive_MSMS.mgf,bpbowen/20211117_JGI-AK-TH_AP_507288_EColiHSLs_final_QE-139_C18_USDAY63649_REUPLOAD_positive/featurems2/20211117_JGI-AK-TH_AP_507288_EColiHSLs_final_QE-139_C18_USDAY63649_REUPLOAD_positive_MSMS.mgf,133.0,extracted_887b3958-2ee8-4643-8f5a-0796029c8998.mzML,39.0,C14,23,3
27,C12 2 double 5.240533333,42827.0,280.1898,C16H25NO3,5.0,0.0,5.240533333,1.0,60050000.0,1.0,2.0,,0.0,20211117_JGI-AK-TH_AP_507288_EColiHSLs_final_QE-139_C18_USDAY63649_REUPLOAD_positive_MSMS.mgf,bpbowen/20211117_JGI-AK-TH_AP_507288_EColiHSLs_final_QE-139_C18_USDAY63649_REUPLOAD_positive/featurems2/20211117_JGI-AK-TH_AP_507288_EColiHSLs_final_QE-139_C18_USDAY63649_REUPLOAD_positive_MSMS.mgf,208.0,extracted_887b3958-2ee8-4643-8f5a-0796029c8998.mzML,44.0,C16,25,3
28,potential 3oxoC18 isomer 7.015066667,30180.0,382.2952,C22H39NO4,4.0,0.0,7.015066667,1.0,58549000.0,1.0,2.0,,0.0,20211117_JGI-AK-TH_AP_507288_EColiHSLs_final_QE-139_C18_USDAY63649_REUPLOAD_positive_MSMS.mgf,bpbowen/20211117_JGI-AK-TH_AP_507288_EColiHSLs_final_QE-139_C18_USDAY63649_REUPLOAD_positive/featurems2/20211117_JGI-AK-TH_AP_507288_EColiHSLs_final_QE-139_C18_USDAY63649_REUPLOAD_positive_MSMS.mgf,119.0,extracted_887b3958-2ee8-4643-8f5a-0796029c8998.mzML,45.0,C22,39,4
29,C14 double 6.18825,30632.0,310.2375,C18H31NO3,4.0,0.0,6.18825,1.0,54824000.0,1.0,2.0,,0.0,20211117_JGI-AK-TH_AP_507288_EColiHSLs_final_QE-139_C18_USDAY63649_REUPLOAD_positive_MSMS.mgf,bpbowen/20211117_JGI-AK-TH_AP_507288_EColiHSLs_final_QE-139_C18_USDAY63649_REUPLOAD_positive/featurems2/20211117_JGI-AK-TH_AP_507288_EColiHSLs_final_QE-139_C18_USDAY63649_REUPLOAD_positive_MSMS.mgf,123.0,extracted_887b3958-2ee8-4643-8f5a-0796029c8998.mzML,46.0,C18,31,3
30,C18 double 7.63625,42950.0,366.3004,C22H39NO3,4.0,0.0,7.63625,1.0,54018000.0,1.0,2.0,,0.0,20211117_JGI-AK-TH_AP_507288_EColiHSLs_final_QE-139_C18_USDAY63649_REUPLOAD_positive_MSMS.mgf,bpbowen/20211117_JGI-AK-TH_AP_507288_EColiHSLs_final_QE-139_C18_USDAY63649_REUPLOAD_positive/featurems2/20211117_JGI-AK-TH_AP_507288_EColiHSLs_final_QE-139_C18_USDAY63649_REUPLOAD_positive_MSMS.mgf,214.0,extracted_887b3958-2ee8-4643-8f5a-0796029c8998.mzML,48.0,C22,39,3
31,C14 2 double 5.845516667,9673.0,308.2217,C18H29NO3,5.0,0.0,5.845516667,1.0,52743000.0,1.0,2.0,,0.0,20211117_JGI-AK-TH_AP_507288_EColiHSLs_final_QE-139_C18_USDAY63649_REUPLOAD_positive_MSMS.mgf,bpbowen/20211117_JGI-AK-TH_AP_507288_EColiHSLs_final_QE-139_C18_USDAY63649_REUPLOAD_positive/featurems2/20211117_JGI-AK-TH_AP_507288_EColiHSLs_final_QE-139_C18_USDAY63649_REUPLOAD_positive_MSMS.mgf,27.0,extracted_887b3958-2ee8-4643-8f5a-0796029c8998.mzML,51.0,C18,29,3
32,C12 double 5.47195,35535.0,282.2064,C16H27NO3,4.0,0.0,5.47195,1.0,49252000.0,1.0,2.0,,0.0,20211117_JGI-AK-TH_AP_507288_EColiHSLs_final_QE-139_C18_USDAY63649_REUPLOAD_positive_MSMS.mgf,bpbowen/20211117_JGI-AK-TH_AP_507288_EColiHSLs_final_QE-139_C18_USDAY63649_REUPLOAD_positive/featurems2/20211117_JGI-AK-TH_AP_507288_EColiHSLs_final_QE-139_C18_USDAY63649_REUPLOAD_positive_MSMS.mgf,160.0,extracted_887b3958-2ee8-4643-8f5a-0796029c8998.mzML,55.0,C16,27,3
33,C16 2 double 6.5079,69606.0,336.2517,C20H33NO3,5.0,0.0,6.5079,1.0,47031000.0,1.0,2.0,,0.0,20211117_JGI-AK-TH_AP_507288_EColiHSLs_final_QE-139_C18_USDAY63649_REUPLOAD_positive_MSMS.mgf,bpbowen/20211117_JGI-AK-TH_AP_507288_EColiHSLs_final_QE-139_C18_USDAY63649_REUPLOAD_positive/featurems2/20211117_JGI-AK-TH_AP_507288_EColiHSLs_final_QE-139_C18_USDAY63649_REUPLOAD_positive_MSMS.mgf,294.0,extracted_887b3958-2ee8-4643-8f5a-0796029c8998.mzML,58.0,C20,33,3
34,3OHC16 2 double 6.654166667,26290.0,352.2476,C20H33NO4,5.0,0.0,6.654166667,1.0,44722000.0,1.0,2.0,,0.0,20211117_JGI-AK-TH_AP_507288_EColiHSLs_final_QE-139_C18_USDAY63649_REUPLOAD_positive_MSMS.mgf,bpbowen/20211117_JGI-AK-TH_AP_507288_EColiHSLs_final_QE-139_C18_USDAY63649_REUPLOAD_positive/featurems2/20211117_JGI-AK-TH_AP_507288_EColiHSLs_final_QE-139_C18_USDAY63649_REUPLOAD_positive_MSMS.mgf,99.0,extracted_887b3958-2ee8-4643-8f5a-0796029c8998.mzML,60.0,C20,33,4
35,slower 3oxoC14 6.7396,77423.0,326.2323,C18H31NO4,4.0,0.0,6.7396,1.0,43558000.0,1.0,2.0,,0.0,20211117_JGI-AK-TH_AP_507288_EColiHSLs_final_QE-139_C18_USDAY63649_REUPLOAD_positive_MSMS.mgf,bpbowen/20211117_JGI-AK-TH_AP_507288_EColiHSLs_final_QE-139_C18_USDAY63649_REUPLOAD_positive/featurems2/20211117_JGI-AK-TH_AP_507288_EColiHSLs_final_QE-139_C18_USDAY63649_REUPLOAD_positive_MSMS.mgf,309.0,extracted_887b3958-2ee8-4643-8f5a-0796029c8998.mzML,61.0,C18,31,4
36,fasterC8 4.064466667,20068.0,228.1596,C12H21NO3,3.0,0.0,4.064466667,1.0,43300000.0,1.0,2.0,,0.0,20211117_JGI-AK-TH_AP_507288_EColiHSLs_final_QE-139_C18_USDAY63649_REUPLOAD_positive_MSMS.mgf,bpbowen/20211117_JGI-AK-TH_AP_507288_EColiHSLs_final_QE-139_C18_USDAY63649_REUPLOAD_positive/featurems2/20211117_JGI-AK-TH_AP_507288_EColiHSLs_final_QE-139_C18_USDAY63649_REUPLOAD_positive_MSMS.mgf,73.0,extracted_887b3958-2ee8-4643-8f5a-0796029c8998.mzML,62.0,C12,21,3
37,C11H19NO4 3.385083333,11297.0,230.1391,C11H19NO4,3.0,0.0,3.385083333,1.0,42483000.0,1.0,2.0,,0.0,20211117_JGI-AK-TH_AP_507288_EColiHSLs_final_QE-139_C18_USDAY63649_REUPLOAD_positive_MSMS.mgf,bpbowen/20211117_JGI-AK-TH_AP_507288_EColiHSLs_final_QE-139_C18_USDAY63649_REUPLOAD_positive/featurems2/20211117_JGI-AK-TH_AP_507288_EColiHSLs_final_QE-139_C18_USDAY63649_REUPLOAD_positive_MSMS.mgf,45.0,extracted_887b3958-2ee8-4643-8f5a-0796029c8998.mzML,64.0,C11,19,4
38,C10 5.506716667,20215.0,256.1909,C14H25NO3,3.0,0.0,5.506716667,1.0,40549000.0,1.0,2.0,,0.0,20211117_JGI-AK-TH_AP_507288_EColiHSLs_final_QE-139_C18_USDAY63649_REUPLOAD_positive_MSMS.mgf,bpbowen/20211117_JGI-AK-TH_AP_507288_EColiHSLs_final_QE-139_C18_USDAY63649_REUPLOAD_positive/featurems2/20211117_JGI-AK-TH_AP_507288_EColiHSLs_final_QE-139_C18_USDAY63649_REUPLOAD_positive_MSMS.mgf,74.0,extracted_887b3958-2ee8-4643-8f5a-0796029c8998.mzML,67.0,C14,25,3
39,3OHC16 6.735666667,30152.0,356.2795,C20H37NO4,3.0,0.0,6.735666667,1.0,40140000.0,1.0,2.0,,0.0,20211117_JGI-AK-TH_AP_507288_EColiHSLs_final_QE-139_C18_USDAY63649_REUPLOAD_positive_MSMS.mgf,bpbowen/20211117_JGI-AK-TH_AP_507288_EColiHSLs_final_QE-139_C18_USDAY63649_REUPLOAD_positive/featurems2/20211117_JGI-AK-TH_AP_507288_EColiHSLs_final_QE-139_C18_USDAY63649_REUPLOAD_positive_MSMS.mgf,117.0,extracted_887b3958-2ee8-4643-8f5a-0796029c8998.mzML,68.0,C20,37,4
40,potential 3oxoC10 isomer 4.749816667,43172.0,270.1699,C14H23NO4,4.0,0.0,4.749816667,1.0,29533000.0,1.0,2.0,,0.0,20211117_JGI-AK-TH_AP_507288_EColiHSLs_final_QE-139_C18_USDAY63649_REUPLOAD_positive_MSMS.mgf,bpbowen/20211117_JGI-AK-TH_AP_507288_EColiHSLs_final_QE-139_C18_USDAY63649_REUPLOAD_positive/featurems2/20211117_JGI-AK-TH_AP_507288_EColiHSLs_final_QE-139_C18_USDAY63649_REUPLOAD_positive_MSMS.mgf,223.0,extracted_887b3958-2ee8-4643-8f5a-0796029c8998.mzML,79.0,C14,23,4
41,C16 7.520133333,32627.0,340.2847,C20H37NO3,3.0,0.0,7.520133333,1.0,29365000.0,1.0,2.0,,0.0,20211117_JGI-AK-TH_AP_507288_EColiHSLs_final_QE-139_C18_USDAY63649_REUPLOAD_positive_MSMS.mgf,bpbowen/20211117_JGI-AK-TH_AP_507288_EColiHSLs_final_QE-139_C18_USDAY63649_REUPLOAD_positive/featurems2/20211117_JGI-AK-TH_AP_507288_EColiHSLs_final_QE-139_C18_USDAY63649_REUPLOAD_positive_MSMS.mgf,130.0,extracted_887b3958-2ee8-4643-8f5a-0796029c8998.mzML,80.0,C20,37,3
42,C12 double 6.092916667,39498.0,282.2065,C16H27NO3,4.0,0.0,6.092916667,1.0,28450000.0,1.0,2.0,,0.0,20211117_JGI-AK-TH_AP_507288_EColiHSLs_final_QE-139_C18_USDAY63649_REUPLOAD_positive_MSMS.mgf,bpbowen/20211117_JGI-AK-TH_AP_507288_EColiHSLs_final_QE-139_C18_USDAY63649_REUPLOAD_positive/featurems2/20211117_JGI-AK-TH_AP_507288_EColiHSLs_final_QE-139_C18_USDAY63649_REUPLOAD_positive_MSMS.mgf,194.0,extracted_887b3958-2ee8-4643-8f5a-0796029c8998.mzML,82.0,C16,27,3
43,C16 double 7.115266667,10252.0,338.2686,C20H35NO3,4.0,0.0,7.115266667,1.0,27046000.0,1.0,2.0,,0.0,20211117_JGI-AK-TH_AP_507288_EColiHSLs_final_QE-139_C18_USDAY63649_REUPLOAD_positive_MSMS.mgf,bpbowen/20211117_JGI-AK-TH_AP_507288_EColiHSLs_final_QE-139_C18_USDAY63649_REUPLOAD_positive/featurems2/20211117_JGI-AK-TH_AP_507288_EColiHSLs_final_QE-139_C18_USDAY63649_REUPLOAD_positive_MSMS.mgf,35.0,extracted_887b3958-2ee8-4643-8f5a-0796029c8998.mzML,86.0,C20,35,3
44,C14 6.843433333,9550.0,312.2533,C18H33NO3,3.0,0.0,6.843433333,1.0,25544000.0,1.0,2.0,,0.0,20211117_JGI-AK-TH_AP_507288_EColiHSLs_final_QE-139_C18_USDAY63649_REUPLOAD_positive_MSMS.mgf,bpbowen/20211117_JGI-AK-TH_AP_507288_EColiHSLs_final_QE-139_C18_USDAY63649_REUPLOAD_positive/featurems2/20211117_JGI-AK-TH_AP_507288_EColiHSLs_final_QE-139_C18_USDAY63649_REUPLOAD_positive_MSMS.mgf,22.0,extracted_887b3958-2ee8-4643-8f5a-0796029c8998.mzML,91.0,C18,33,3
45,C13H23NO3 4.55785,33337.0,242.1752,C13H23NO3,3.0,0.0,4.55785,1.0,24220000.0,1.0,2.0,,0.0,20211117_JGI-AK-TH_AP_507288_EColiHSLs_final_QE-139_C18_USDAY63649_REUPLOAD_positive_MSMS.mgf,bpbowen/20211117_JGI-AK-TH_AP_507288_EColiHSLs_final_QE-139_C18_USDAY63649_REUPLOAD_positive/featurems2/20211117_JGI-AK-TH_AP_507288_EColiHSLs_final_QE-139_C18_USDAY63649_REUPLOAD_positive_MSMS.mgf,132.0,extracted_887b3958-2ee8-4643-8f5a-0796029c8998.mzML,97.0,C13,23,3
46,3oxoC16 7.0344,35091.0,354.2636,C20H35NO4,4.0,0.0,7.0344,1.0,21006000.0,1.0,2.0,,0.0,20211117_JGI-AK-TH_AP_507288_EColiHSLs_final_QE-139_C18_USDAY63649_REUPLOAD_positive_MSMS.mgf,bpbowen/20211117_JGI-AK-TH_AP_507288_EColiHSLs_final_QE-139_C18_USDAY63649_REUPLOAD_positive/featurems2/20211117_JGI-AK-TH_AP_507288_EColiHSLs_final_QE-139_C18_USDAY63649_REUPLOAD_positive_MSMS.mgf,151.0,extracted_887b3958-2ee8-4643-8f5a-0796029c8998.mzML,103.0,C20,35,4
47,potential 3oxoC14 isomer 5.269483333,43129.0,326.2326,C18H31NO4,4.0,0.0,5.269483333,1.0,20631000.0,1.0,2.0,,0.0,20211117_JGI-AK-TH_AP_507288_EColiHSLs_final_QE-139_C18_USDAY63649_REUPLOAD_positive_MSMS.mgf,bpbowen/20211117_JGI-AK-TH_AP_507288_EColiHSLs_final_QE-139_C18_USDAY63649_REUPLOAD_positive/featurems2/20211117_JGI-AK-TH_AP_507288_EColiHSLs_final_QE-139_C18_USDAY63649_REUPLOAD_positive_MSMS.mgf,222.0,extracted_887b3958-2ee8-4643-8f5a-0796029c8998.mzML,104.0,C18,31,4
48,potential 3oxoC8 isomer 3.537516667,14355.0,242.1387,C12H19NO4,4.0,0.0,3.537516667,1.0,20205000.0,1.0,2.0,,0.0,20211117_JGI-AK-TH_AP_507288_EColiHSLs_final_QE-139_C18_USDAY63649_REUPLOAD_positive_MSMS.mgf,bpbowen/20211117_JGI-AK-TH_AP_507288_EColiHSLs_final_QE-139_C18_USDAY63649_REUPLOAD_positive/featurems2/20211117_JGI-AK-TH_AP_507288_EColiHSLs_final_QE-139_C18_USDAY63649_REUPLOAD_positive_MSMS.mgf,55.0,extracted_887b3958-2ee8-4643-8f5a-0796029c8998.mzML,105.0,C12,19,4
49,slower 3oxoC8 4.715083333,63833.0,242.1389,C12H19NO4,4.0,0.0,4.715083333,1.0,19960000.0,1.0,2.0,,0.0,20211117_JGI-AK-TH_AP_507288_EColiHSLs_final_QE-139_C18_USDAY63649_REUPLOAD_positive_MSMS.mgf,bpbowen/20211117_JGI-AK-TH_AP_507288_EColiHSLs_final_QE-139_C18_USDAY63649_REUPLOAD_positive/featurems2/20211117_JGI-AK-TH_AP_507288_EColiHSLs_final_QE-139_C18_USDAY63649_REUPLOAD_positive_MSMS.mgf,281.0,extracted_887b3958-2ee8-4643-8f5a-0796029c8998.mzML,106.0,C12,19,4
50,slower 3oxoC8 4.52995,84446.0,242.1387,C12H19NO4,4.0,0.0,4.52995,1.0,19960000.0,1.0,2.0,,0.0,20211117_JGI-AK-TH_AP_507288_EColiHSLs_final_QE-139_C18_USDAY63649_REUPLOAD_positive_MSMS.mgf,bpbowen/20211117_JGI-AK-TH_AP_507288_EColiHSLs_final_QE-139_C18_USDAY63649_REUPLOAD_positive/featurems2/20211117_JGI-AK-TH_AP_507288_EColiHSLs_final_QE-139_C18_USDAY63649_REUPLOAD_positive_MSMS.mgf,322.0,extracted_887b3958-2ee8-4643-8f5a-0796029c8998.mzML,107.0,C12,19,4
51,C13H23NO4 4.179733333,14417.0,258.1704,C13H23NO4,3.0,0.0,4.179733333,1.0,19333000.0,1.0,2.0,,0.0,20211117_JGI-AK-TH_AP_507288_EColiHSLs_final_QE-139_C18_USDAY63649_REUPLOAD_positive_MSMS.mgf,bpbowen/20211117_JGI-AK-TH_AP_507288_EColiHSLs_final_QE-139_C18_USDAY63649_REUPLOAD_positive/featurems2/20211117_JGI-AK-TH_AP_507288_EColiHSLs_final_QE-139_C18_USDAY63649_REUPLOAD_positive_MSMS.mgf,57.0,extracted_887b3958-2ee8-4643-8f5a-0796029c8998.mzML,109.0,C13,23,4
52,slower 3OHC18 7.573066667,45745.0,384.3108,C22H41NO4,3.0,0.0,7.573066667,1.0,17526000.0,1.0,2.0,,0.0,20211117_JGI-AK-TH_AP_507288_EColiHSLs_final_QE-139_C18_USDAY63649_REUPLOAD_positive_MSMS.mgf,bpbowen/20211117_JGI-AK-TH_AP_507288_EColiHSLs_final_QE-139_C18_USDAY63649_REUPLOAD_positive/featurems2/20211117_JGI-AK-TH_AP_507288_EColiHSLs_final_QE-139_C18_USDAY63649_REUPLOAD_positive_MSMS.mgf,237.0,extracted_887b3958-2ee8-4643-8f5a-0796029c8998.mzML,114.0,C22,41,4
53,potential 3oxoC16 isomer 6.43225,30118.0,354.2639,C20H35NO4,4.0,0.0,6.43225,1.0,15715000.0,1.0,2.0,,0.0,20211117_JGI-AK-TH_AP_507288_EColiHSLs_final_QE-139_C18_USDAY63649_REUPLOAD_positive_MSMS.mgf,bpbowen/20211117_JGI-AK-TH_AP_507288_EColiHSLs_final_QE-139_C18_USDAY63649_REUPLOAD_positive/featurems2/20211117_JGI-AK-TH_AP_507288_EColiHSLs_final_QE-139_C18_USDAY63649_REUPLOAD_positive_MSMS.mgf,114.0,extracted_887b3958-2ee8-4643-8f5a-0796029c8998.mzML,123.0,C20,35,4
54,C17H29NO4 5.918766667,33993.0,312.2154,C17H29NO4,4.0,0.0,5.918766667,1.0,14223000.0,1.0,2.0,,0.0,20211117_JGI-AK-TH_AP_507288_EColiHSLs_final_QE-139_C18_USDAY63649_REUPLOAD_positive_MSMS.mgf,bpbowen/20211117_JGI-AK-TH_AP_507288_EColiHSLs_final_QE-139_C18_USDAY63649_REUPLOAD_positive/featurems2/20211117_JGI-AK-TH_AP_507288_EColiHSLs_final_QE-139_C18_USDAY63649_REUPLOAD_positive_MSMS.mgf,138.0,extracted_887b3958-2ee8-4643-8f5a-0796029c8998.mzML,126.0,C17,29,4
55,slower 3oxoC10 5.509183333,67754.0,270.1698,C14H23NO4,4.0,0.0,5.509183333,1.0,14155000.0,1.0,2.0,,0.0,20211117_JGI-AK-TH_AP_507288_EColiHSLs_final_QE-139_C18_USDAY63649_REUPLOAD_positive_MSMS.mgf,bpbowen/20211117_JGI-AK-TH_AP_507288_EColiHSLs_final_QE-139_C18_USDAY63649_REUPLOAD_positive/featurems2/20211117_JGI-AK-TH_AP_507288_EColiHSLs_final_QE-139_C18_USDAY63649_REUPLOAD_positive_MSMS.mgf,291.0,extracted_887b3958-2ee8-4643-8f5a-0796029c8998.mzML,128.0,C14,23,4
56,C18 2 double 7.051833333,43097.0,364.284,C22H37NO3,5.0,0.0,7.051833333,1.0,13808000.0,1.0,2.0,,0.0,20211117_JGI-AK-TH_AP_507288_EColiHSLs_final_QE-139_C18_USDAY63649_REUPLOAD_positive_MSMS.mgf,bpbowen/20211117_JGI-AK-TH_AP_507288_EColiHSLs_final_QE-139_C18_USDAY63649_REUPLOAD_positive/featurems2/20211117_JGI-AK-TH_AP_507288_EColiHSLs_final_QE-139_C18_USDAY63649_REUPLOAD_positive_MSMS.mgf,221.0,extracted_887b3958-2ee8-4643-8f5a-0796029c8998.mzML,132.0,C22,37,3
57,C16 double 6.856583333,30929.0,338.2686,C20H35NO3,4.0,0.0,6.856583333,1.0,13776000.0,1.0,2.0,,0.0,20211117_JGI-AK-TH_AP_507288_EColiHSLs_final_QE-139_C18_USDAY63649_REUPLOAD_positive_MSMS.mgf,bpbowen/20211117_JGI-AK-TH_AP_507288_EColiHSLs_final_QE-139_C18_USDAY63649_REUPLOAD_positive/featurems2/20211117_JGI-AK-TH_AP_507288_EColiHSLs_final_QE-139_C18_USDAY63649_REUPLOAD_positive_MSMS.mgf,127.0,extracted_887b3958-2ee8-4643-8f5a-0796029c8998.mzML,133.0,C20,35,3
58,C15H27NO4 5.114583333,36047.0,286.2012,C15H27NO4,3.0,0.0,5.114583333,1.0,13460000.0,1.0,2.0,,0.0,20211117_JGI-AK-TH_AP_507288_EColiHSLs_final_QE-139_C18_USDAY63649_REUPLOAD_positive_MSMS.mgf,bpbowen/20211117_JGI-AK-TH_AP_507288_EColiHSLs_final_QE-139_C18_USDAY63649_REUPLOAD_positive/featurems2/20211117_JGI-AK-TH_AP_507288_EColiHSLs_final_QE-139_C18_USDAY63649_REUPLOAD_positive_MSMS.mgf,167.0,extracted_887b3958-2ee8-4643-8f5a-0796029c8998.mzML,134.0,C15,27,4
59,C15H27NO4 5.006033333,51825.0,286.2011,C15H27NO4,3.0,0.0,5.006033333,1.0,13460000.0,1.0,2.0,,0.0,20211117_JGI-AK-TH_AP_507288_EColiHSLs_final_QE-139_C18_USDAY63649_REUPLOAD_positive_MSMS.mgf,bpbowen/20211117_JGI-AK-TH_AP_507288_EColiHSLs_final_QE-139_C18_USDAY63649_REUPLOAD_positive/featurems2/20211117_JGI-AK-TH_AP_507288_EColiHSLs_final_QE-139_C18_USDAY63649_REUPLOAD_positive_MSMS.mgf,252.0,extracted_887b3958-2ee8-4643-8f5a-0796029c8998.mzML,135.0,C15,27,4
60,fasterC12 5.7807,5056.0,284.2221,C16H29NO3,3.0,0.0,5.7807,1.0,12537000.0,1.0,2.0,,0.0,20211117_JGI-AK-TH_AP_507288_EColiHSLs_final_QE-139_C18_USDAY63649_REUPLOAD_positive_MSMS.mgf,bpbowen/20211117_JGI-AK-TH_AP_507288_EColiHSLs_final_QE-139_C18_USDAY63649_REUPLOAD_positive/featurems2/20211117_JGI-AK-TH_AP_507288_EColiHSLs_final_QE-139_C18_USDAY63649_REUPLOAD_positive_MSMS.mgf,3.0,extracted_887b3958-2ee8-4643-8f5a-0796029c8998.mzML,140.0,C16,29,3
61,fasterC12 5.479633333,43660.0,284.222,C16H29NO3,3.0,0.0,5.479633333,1.0,12537000.0,1.0,2.0,,0.0,20211117_JGI-AK-TH_AP_507288_EColiHSLs_final_QE-139_C18_USDAY63649_REUPLOAD_positive_MSMS.mgf,bpbowen/20211117_JGI-AK-TH_AP_507288_EColiHSLs_final_QE-139_C18_USDAY63649_REUPLOAD_positive/featurems2/20211117_JGI-AK-TH_AP_507288_EColiHSLs_final_QE-139_C18_USDAY63649_REUPLOAD_positive_MSMS.mgf,231.0,extracted_887b3958-2ee8-4643-8f5a-0796029c8998.mzML,141.0,C16,29,3
62,3OHC16 2 double 5.916766667,36467.0,352.247,C20H33NO4,5.0,0.0,5.916766667,1.0,12398000.0,1.0,2.0,,0.0,20211117_JGI-AK-TH_AP_507288_EColiHSLs_final_QE-139_C18_USDAY63649_REUPLOAD_positive_MSMS.mgf,bpbowen/20211117_JGI-AK-TH_AP_507288_EColiHSLs_final_QE-139_C18_USDAY63649_REUPLOAD_positive/featurems2/20211117_JGI-AK-TH_AP_507288_EColiHSLs_final_QE-139_C18_USDAY63649_REUPLOAD_positive_MSMS.mgf,170.0,extracted_887b3958-2ee8-4643-8f5a-0796029c8998.mzML,142.0,C20,33,4
63,C19H35NO4 6.045783333,43237.0,342.264,C19H35NO4,3.0,0.0,6.045783333,1.0,12218000.0,1.0,2.0,,0.0,20211117_JGI-AK-TH_AP_507288_EColiHSLs_final_QE-139_C18_USDAY63649_REUPLOAD_positive_MSMS.mgf,bpbowen/20211117_JGI-AK-TH_AP_507288_EColiHSLs_final_QE-139_C18_USDAY63649_REUPLOAD_positive/featurems2/20211117_JGI-AK-TH_AP_507288_EColiHSLs_final_QE-139_C18_USDAY63649_REUPLOAD_positive_MSMS.mgf,224.0,extracted_887b3958-2ee8-4643-8f5a-0796029c8998.mzML,144.0,C19,35,4
64,C15H25NO4 5.302416667,35061.0,284.1856,C15H25NO4,4.0,0.0,5.302416667,1.0,12124000.0,1.0,2.0,,0.0,20211117_JGI-AK-TH_AP_507288_EColiHSLs_final_QE-139_C18_USDAY63649_REUPLOAD_positive_MSMS.mgf,bpbowen/20211117_JGI-AK-TH_AP_507288_EColiHSLs_final_QE-139_C18_USDAY63649_REUPLOAD_positive/featurems2/20211117_JGI-AK-TH_AP_507288_EColiHSLs_final_QE-139_C18_USDAY63649_REUPLOAD_positive_MSMS.mgf,149.0,extracted_887b3958-2ee8-4643-8f5a-0796029c8998.mzML,145.0,C15,25,4
65,faster3OHC12 4.93175,27559.0,300.217,C16H29NO4,3.0,0.0,4.93175,1.0,11958000.0,1.0,2.0,,0.0,20211117_JGI-AK-TH_AP_507288_EColiHSLs_final_QE-139_C18_USDAY63649_REUPLOAD_positive_MSMS.mgf,bpbowen/20211117_JGI-AK-TH_AP_507288_EColiHSLs_final_QE-139_C18_USDAY63649_REUPLOAD_positive/featurems2/20211117_JGI-AK-TH_AP_507288_EColiHSLs_final_QE-139_C18_USDAY63649_REUPLOAD_positive_MSMS.mgf,107.0,extracted_887b3958-2ee8-4643-8f5a-0796029c8998.mzML,146.0,C16,29,4
66,C11H15NO3 6.026666667,11690.0,210.1124,C11H15NO3,5.0,0.0,6.026666667,1.0,11904000.0,1.0,2.0,,0.0,20211117_JGI-AK-TH_AP_507288_EColiHSLs_final_QE-139_C18_USDAY63649_REUPLOAD_positive_MSMS.mgf,bpbowen/20211117_JGI-AK-TH_AP_507288_EColiHSLs_final_QE-139_C18_USDAY63649_REUPLOAD_positive/featurems2/20211117_JGI-AK-TH_AP_507288_EColiHSLs_final_QE-139_C18_USDAY63649_REUPLOAD_positive_MSMS.mgf,47.0,extracted_887b3958-2ee8-4643-8f5a-0796029c8998.mzML,149.0,C11,15,3
67,slower 3oxoC6 3.463633333,28214.0,214.1064,C10H15NO4,4.0,0.0,3.463633333,1.0,10345000.0,1.0,2.0,,0.0,20211117_JGI-AK-TH_AP_507288_EColiHSLs_final_QE-139_C18_USDAY63649_REUPLOAD_positive_MSMS.mgf,bpbowen/20211117_JGI-AK-TH_AP_507288_EColiHSLs_final_QE-139_C18_USDAY63649_REUPLOAD_positive/featurems2/20211117_JGI-AK-TH_AP_507288_EColiHSLs_final_QE-139_C18_USDAY63649_REUPLOAD_positive_MSMS.mgf,109.0,extracted_887b3958-2ee8-4643-8f5a-0796029c8998.mzML,161.0,C10,15,4
68,potential 3oxoC6 isomer 2.5269,49661.0,214.1073,C10H15NO4,4.0,0.0,2.5269,1.0,9900000.0,1.0,2.0,,0.0,20211117_JGI-AK-TH_AP_507288_EColiHSLs_final_QE-139_C18_USDAY63649_REUPLOAD_positive_MSMS.mgf,bpbowen/20211117_JGI-AK-TH_AP_507288_EColiHSLs_final_QE-139_C18_USDAY63649_REUPLOAD_positive/featurems2/20211117_JGI-AK-TH_AP_507288_EColiHSLs_final_QE-139_C18_USDAY63649_REUPLOAD_positive_MSMS.mgf,248.0,extracted_887b3958-2ee8-4643-8f5a-0796029c8998.mzML,166.0,C10,15,4
69,potential 3oxoC10 isomer 4.389916667,34961.0,270.1699,C14H23NO4,4.0,0.0,4.389916667,1.0,9825000.0,1.0,2.0,,0.0,20211117_JGI-AK-TH_AP_507288_EColiHSLs_final_QE-139_C18_USDAY63649_REUPLOAD_positive_MSMS.mgf,bpbowen/20211117_JGI-AK-TH_AP_507288_EColiHSLs_final_QE-139_C18_USDAY63649_REUPLOAD_positive/featurems2/20211117_JGI-AK-TH_AP_507288_EColiHSLs_final_QE-139_C18_USDAY63649_REUPLOAD_positive_MSMS.mgf,146.0,extracted_887b3958-2ee8-4643-8f5a-0796029c8998.mzML,170.0,C14,23,4
70,faster3OHC10 4.28275,20603.0,272.1858,C14H25NO4,3.0,0.0,4.28275,1.0,9217000.0,1.0,2.0,,0.0,20211117_JGI-AK-TH_AP_507288_EColiHSLs_final_QE-139_C18_USDAY63649_REUPLOAD_positive_MSMS.mgf,bpbowen/20211117_JGI-AK-TH_AP_507288_EColiHSLs_final_QE-139_C18_USDAY63649_REUPLOAD_positive/featurems2/20211117_JGI-AK-TH_AP_507288_EColiHSLs_final_QE-139_C18_USDAY63649_REUPLOAD_positive_MSMS.mgf,78.0,extracted_887b3958-2ee8-4643-8f5a-0796029c8998.mzML,173.0,C14,25,4
71,faster3OHC10 4.070566667,51066.0,272.1857,C14H25NO4,3.0,0.0,4.070566667,1.0,9217000.0,1.0,2.0,,0.0,20211117_JGI-AK-TH_AP_507288_EColiHSLs_final_QE-139_C18_USDAY63649_REUPLOAD_positive_MSMS.mgf,bpbowen/20211117_JGI-AK-TH_AP_507288_EColiHSLs_final_QE-139_C18_USDAY63649_REUPLOAD_positive/featurems2/20211117_JGI-AK-TH_AP_507288_EColiHSLs_final_QE-139_C18_USDAY63649_REUPLOAD_positive_MSMS.mgf,249.0,extracted_887b3958-2ee8-4643-8f5a-0796029c8998.mzML,174.0,C14,25,4
72,potential 3oxoC12 isomer 4.7432,42951.0,298.2007,C16H27NO4,4.0,0.0,4.7432,1.0,8619000.0,1.0,2.0,,0.0,20211117_JGI-AK-TH_AP_507288_EColiHSLs_final_QE-139_C18_USDAY63649_REUPLOAD_positive_MSMS.mgf,bpbowen/20211117_JGI-AK-TH_AP_507288_EColiHSLs_final_QE-139_C18_USDAY63649_REUPLOAD_positive/featurems2/20211117_JGI-AK-TH_AP_507288_EColiHSLs_final_QE-139_C18_USDAY63649_REUPLOAD_positive_MSMS.mgf,215.0,extracted_887b3958-2ee8-4643-8f5a-0796029c8998.mzML,179.0,C16,27,4
73,fasterC10 4.78765,19970.0,256.1908,C14H25NO3,3.0,0.0,4.78765,1.0,8308000.0,1.0,2.0,,0.0,20211117_JGI-AK-TH_AP_507288_EColiHSLs_final_QE-139_C18_USDAY63649_REUPLOAD_positive_MSMS.mgf,bpbowen/20211117_JGI-AK-TH_AP_507288_EColiHSLs_final_QE-139_C18_USDAY63649_REUPLOAD_positive/featurems2/20211117_JGI-AK-TH_AP_507288_EColiHSLs_final_QE-139_C18_USDAY63649_REUPLOAD_positive_MSMS.mgf,71.0,extracted_887b3958-2ee8-4643-8f5a-0796029c8998.mzML,182.0,C14,25,3
74,fasterC10 4.992883333,22450.0,256.1908,C14H25NO3,3.0,0.0,4.992883333,1.0,8308000.0,1.0,2.0,,0.0,20211117_JGI-AK-TH_AP_507288_EColiHSLs_final_QE-139_C18_USDAY63649_REUPLOAD_positive_MSMS.mgf,bpbowen/20211117_JGI-AK-TH_AP_507288_EColiHSLs_final_QE-139_C18_USDAY63649_REUPLOAD_positive/featurems2/20211117_JGI-AK-TH_AP_507288_EColiHSLs_final_QE-139_C18_USDAY63649_REUPLOAD_positive_MSMS.mgf,89.0,extracted_887b3958-2ee8-4643-8f5a-0796029c8998.mzML,183.0,C14,25,3
75,C15H25NO4 7.652383333,43456.0,284.1843,C15H25NO4,4.0,0.0,7.652383333,1.0,8097300.0,1.0,2.0,,0.0,20211117_JGI-AK-TH_AP_507288_EColiHSLs_final_QE-139_C18_USDAY63649_REUPLOAD_positive_MSMS.mgf,bpbowen/20211117_JGI-AK-TH_AP_507288_EColiHSLs_final_QE-139_C18_USDAY63649_REUPLOAD_positive/featurems2/20211117_JGI-AK-TH_AP_507288_EColiHSLs_final_QE-139_C18_USDAY63649_REUPLOAD_positive_MSMS.mgf,227.0,extracted_887b3958-2ee8-4643-8f5a-0796029c8998.mzML,188.0,C15,25,4
76,slower C4 2.736683333,28441.0,172.0968,C8H13NO3,3.0,0.0,2.736683333,1.0,7883000.0,1.0,2.0,,0.0,20211117_JGI-AK-TH_AP_507288_EColiHSLs_final_QE-139_C18_USDAY63649_REUPLOAD_positive_MSMS.mgf,bpbowen/20211117_JGI-AK-TH_AP_507288_EColiHSLs_final_QE-139_C18_USDAY63649_REUPLOAD_positive/featurems2/20211117_JGI-AK-TH_AP_507288_EColiHSLs_final_QE-139_C18_USDAY63649_REUPLOAD_positive_MSMS.mgf,111.0,extracted_887b3958-2ee8-4643-8f5a-0796029c8998.mzML,191.0,C8,13,3
77,C19H35NO4 6.49065,39823.0,342.264,C19H35NO4,3.0,0.0,6.49065,1.0,7255000.0,1.0,2.0,,0.0,20211117_JGI-AK-TH_AP_507288_EColiHSLs_final_QE-139_C18_USDAY63649_REUPLOAD_positive_MSMS.mgf,bpbowen/20211117_JGI-AK-TH_AP_507288_EColiHSLs_final_QE-139_C18_USDAY63649_REUPLOAD_positive/featurems2/20211117_JGI-AK-TH_AP_507288_EColiHSLs_final_QE-139_C18_USDAY63649_REUPLOAD_positive_MSMS.mgf,202.0,extracted_887b3958-2ee8-4643-8f5a-0796029c8998.mzML,192.0,C19,35,4
78,faster3OHC14 5.5523,19986.0,328.2482,C18H33NO4,3.0,0.0,5.5523,1.0,7226500.0,1.0,2.0,,0.0,20211117_JGI-AK-TH_AP_507288_EColiHSLs_final_QE-139_C18_USDAY63649_REUPLOAD_positive_MSMS.mgf,bpbowen/20211117_JGI-AK-TH_AP_507288_EColiHSLs_final_QE-139_C18_USDAY63649_REUPLOAD_positive/featurems2/20211117_JGI-AK-TH_AP_507288_EColiHSLs_final_QE-139_C18_USDAY63649_REUPLOAD_positive_MSMS.mgf,72.0,extracted_887b3958-2ee8-4643-8f5a-0796029c8998.mzML,193.0,C18,33,4
79,C13H23NO3 5.05995,64500.0,242.1752,C13H23NO3,3.0,0.0,5.05995,1.0,6858900.0,1.0,2.0,,0.0,20211117_JGI-AK-TH_AP_507288_EColiHSLs_final_QE-139_C18_USDAY63649_REUPLOAD_positive_MSMS.mgf,bpbowen/20211117_JGI-AK-TH_AP_507288_EColiHSLs_final_QE-139_C18_USDAY63649_REUPLOAD_positive/featurems2/20211117_JGI-AK-TH_AP_507288_EColiHSLs_final_QE-139_C18_USDAY63649_REUPLOAD_positive_MSMS.mgf,282.0,extracted_887b3958-2ee8-4643-8f5a-0796029c8998.mzML,197.0,C13,23,3
80,C21H37NO3 7.312566667,51815.0,352.2846,C21H37NO3,4.0,0.0,7.312566667,1.0,6756000.0,1.0,2.0,,0.0,20211117_JGI-AK-TH_AP_507288_EColiHSLs_final_QE-139_C18_USDAY63649_REUPLOAD_positive_MSMS.mgf,bpbowen/20211117_JGI-AK-TH_AP_507288_EColiHSLs_final_QE-139_C18_USDAY63649_REUPLOAD_positive/featurems2/20211117_JGI-AK-TH_AP_507288_EColiHSLs_final_QE-139_C18_USDAY63649_REUPLOAD_positive_MSMS.mgf,251.0,extracted_887b3958-2ee8-4643-8f5a-0796029c8998.mzML,198.0,C21,37,3
81,slower 3oxoC12 6.21895,71220.0,298.2013,C16H27NO4,4.0,0.0,6.21895,1.0,6701000.0,1.0,2.0,,0.0,20211117_JGI-AK-TH_AP_507288_EColiHSLs_final_QE-139_C18_USDAY63649_REUPLOAD_positive_MSMS.mgf,bpbowen/20211117_JGI-AK-TH_AP_507288_EColiHSLs_final_QE-139_C18_USDAY63649_REUPLOAD_positive/featurems2/20211117_JGI-AK-TH_AP_507288_EColiHSLs_final_QE-139_C18_USDAY63649_REUPLOAD_positive_MSMS.mgf,297.0,extracted_887b3958-2ee8-4643-8f5a-0796029c8998.mzML,199.0,C16,27,4
82,3OHC18 unsat but slower 7.340183333,35255.0,380.2777,C22H37NO4,5.0,0.0,7.340183333,1.0,6321600.0,1.0,2.0,,0.0,20211117_JGI-AK-TH_AP_507288_EColiHSLs_final_QE-139_C18_USDAY63649_REUPLOAD_positive_MSMS.mgf,bpbowen/20211117_JGI-AK-TH_AP_507288_EColiHSLs_final_QE-139_C18_USDAY63649_REUPLOAD_positive/featurems2/20211117_JGI-AK-TH_AP_507288_EColiHSLs_final_QE-139_C18_USDAY63649_REUPLOAD_positive_MSMS.mgf,154.0,extracted_887b3958-2ee8-4643-8f5a-0796029c8998.mzML,206.0,C22,37,4
83,C13H19NO4 6.44835,30707.0,254.1382,C13H19NO4,5.0,0.0,6.44835,1.0,5994000.0,1.0,2.0,,0.0,20211117_JGI-AK-TH_AP_507288_EColiHSLs_final_QE-139_C18_USDAY63649_REUPLOAD_positive_MSMS.mgf,bpbowen/20211117_JGI-AK-TH_AP_507288_EColiHSLs_final_QE-139_C18_USDAY63649_REUPLOAD_positive/featurems2/20211117_JGI-AK-TH_AP_507288_EColiHSLs_final_QE-139_C18_USDAY63649_REUPLOAD_positive_MSMS.mgf,124.0,extracted_887b3958-2ee8-4643-8f5a-0796029c8998.mzML,214.0,C13,19,4
84,C12 unsat but slower 6.612716667,55213.0,282.2057,C16H27NO3,4.0,0.0,6.612716667,1.0,5861600.0,1.0,2.0,,0.0,20211117_JGI-AK-TH_AP_507288_EColiHSLs_final_QE-139_C18_USDAY63649_REUPLOAD_positive_MSMS.mgf,bpbowen/20211117_JGI-AK-TH_AP_507288_EColiHSLs_final_QE-139_C18_USDAY63649_REUPLOAD_positive/featurems2/20211117_JGI-AK-TH_AP_507288_EColiHSLs_final_QE-139_C18_USDAY63649_REUPLOAD_positive_MSMS.mgf,260.0,extracted_887b3958-2ee8-4643-8f5a-0796029c8998.mzML,215.0,C16,27,3
85,slower C6 3.951333333,21469.0,200.1281,C10H17NO3,3.0,0.0,3.951333333,1.0,5489000.0,1.0,2.0,,0.0,20211117_JGI-AK-TH_AP_507288_EColiHSLs_final_QE-139_C18_USDAY63649_REUPLOAD_positive_MSMS.mgf,bpbowen/20211117_JGI-AK-TH_AP_507288_EColiHSLs_final_QE-139_C18_USDAY63649_REUPLOAD_positive/featurems2/20211117_JGI-AK-TH_AP_507288_EColiHSLs_final_QE-139_C18_USDAY63649_REUPLOAD_positive_MSMS.mgf,84.0,extracted_887b3958-2ee8-4643-8f5a-0796029c8998.mzML,222.0,C10,17,3
86,3OHC4 0.89745,56273.0,188.0919,C8H13NO4,3.0,0.0,0.89745,1.0,5410800.0,1.0,2.0,,0.0,20211117_JGI-AK-TH_AP_507288_EColiHSLs_final_QE-139_C18_USDAY63649_REUPLOAD_positive_MSMS.mgf,bpbowen/20211117_JGI-AK-TH_AP_507288_EColiHSLs_final_QE-139_C18_USDAY63649_REUPLOAD_positive/featurems2/20211117_JGI-AK-TH_AP_507288_EColiHSLs_final_QE-139_C18_USDAY63649_REUPLOAD_positive_MSMS.mgf,261.0,extracted_887b3958-2ee8-4643-8f5a-0796029c8998.mzML,225.0,C8,13,4
87,C15H27NO3 5.825383333,43444.0,270.2066,C15H27NO3,3.0,0.0,5.825383333,1.0,5368900.0,1.0,2.0,,0.0,20211117_JGI-AK-TH_AP_507288_EColiHSLs_final_QE-139_C18_USDAY63649_REUPLOAD_positive_MSMS.mgf,bpbowen/20211117_JGI-AK-TH_AP_507288_EColiHSLs_final_QE-139_C18_USDAY63649_REUPLOAD_positive/featurems2/20211117_JGI-AK-TH_AP_507288_EColiHSLs_final_QE-139_C18_USDAY63649_REUPLOAD_positive_MSMS.mgf,226.0,extracted_887b3958-2ee8-4643-8f5a-0796029c8998.mzML,226.0,C15,27,3
88,slower 3OHC10 5.474233333,61251.0,272.1855,C14H25NO4,3.0,0.0,5.474233333,1.0,5179000.0,1.0,2.0,,0.0,20211117_JGI-AK-TH_AP_507288_EColiHSLs_final_QE-139_C18_USDAY63649_REUPLOAD_positive_MSMS.mgf,bpbowen/20211117_JGI-AK-TH_AP_507288_EColiHSLs_final_QE-139_C18_USDAY63649_REUPLOAD_positive/featurems2/20211117_JGI-AK-TH_AP_507288_EColiHSLs_final_QE-139_C18_USDAY63649_REUPLOAD_positive_MSMS.mgf,269.0,extracted_887b3958-2ee8-4643-8f5a-0796029c8998.mzML,229.0,C14,25,4
89,C17H31NO3 6.506916667,10174.0,298.2378,C17H31NO3,3.0,0.0,6.506916667,1.0,4528200.0,1.0,2.0,,0.0,20211117_JGI-AK-TH_AP_507288_EColiHSLs_final_QE-139_C18_USDAY63649_REUPLOAD_positive_MSMS.mgf,bpbowen/20211117_JGI-AK-TH_AP_507288_EColiHSLs_final_QE-139_C18_USDAY63649_REUPLOAD_positive/featurems2/20211117_JGI-AK-TH_AP_507288_EColiHSLs_final_QE-139_C18_USDAY63649_REUPLOAD_positive_MSMS.mgf,32.0,extracted_887b3958-2ee8-4643-8f5a-0796029c8998.mzML,232.0,C17,31,3
90,C14 2 double 5.321966667,39209.0,308.2209,C18H29NO3,5.0,0.0,5.321966667,1.0,4433900.0,1.0,2.0,,0.0,20211117_JGI-AK-TH_AP_507288_EColiHSLs_final_QE-139_C18_USDAY63649_REUPLOAD_positive_MSMS.mgf,bpbowen/20211117_JGI-AK-TH_AP_507288_EColiHSLs_final_QE-139_C18_USDAY63649_REUPLOAD_positive/featurems2/20211117_JGI-AK-TH_AP_507288_EColiHSLs_final_QE-139_C18_USDAY63649_REUPLOAD_positive_MSMS.mgf,183.0,extracted_887b3958-2ee8-4643-8f5a-0796029c8998.mzML,233.0,C18,29,3
91,C10 double 4.9337,35441.0,254.1753,C14H23NO3,4.0,0.0,4.9337,1.0,4277400.0,1.0,2.0,,0.0,20211117_JGI-AK-TH_AP_507288_EColiHSLs_final_QE-139_C18_USDAY63649_REUPLOAD_positive_MSMS.mgf,bpbowen/20211117_JGI-AK-TH_AP_507288_EColiHSLs_final_QE-139_C18_USDAY63649_REUPLOAD_positive/featurems2/20211117_JGI-AK-TH_AP_507288_EColiHSLs_final_QE-139_C18_USDAY63649_REUPLOAD_positive_MSMS.mgf,159.0,extracted_887b3958-2ee8-4643-8f5a-0796029c8998.mzML,238.0,C14,23,3
92,C15H23NO4 7.135883333,31064.0,282.169,C15H23NO4,5.0,0.0,7.135883333,1.0,4269800.0,1.0,2.0,,0.0,20211117_JGI-AK-TH_AP_507288_EColiHSLs_final_QE-139_C18_USDAY63649_REUPLOAD_positive_MSMS.mgf,bpbowen/20211117_JGI-AK-TH_AP_507288_EColiHSLs_final_QE-139_C18_USDAY63649_REUPLOAD_positive/featurems2/20211117_JGI-AK-TH_AP_507288_EColiHSLs_final_QE-139_C18_USDAY63649_REUPLOAD_positive_MSMS.mgf,128.0,extracted_887b3958-2ee8-4643-8f5a-0796029c8998.mzML,239.0,C15,23,4
93,3OHC10 unsat but slower 5.1201,43543.0,268.1545,C14H21NO4,5.0,0.0,5.1201,1.0,3972000.0,1.0,2.0,,0.0,20211117_JGI-AK-TH_AP_507288_EColiHSLs_final_QE-139_C18_USDAY63649_REUPLOAD_positive_MSMS.mgf,bpbowen/20211117_JGI-AK-TH_AP_507288_EColiHSLs_final_QE-139_C18_USDAY63649_REUPLOAD_positive/featurems2/20211117_JGI-AK-TH_AP_507288_EColiHSLs_final_QE-139_C18_USDAY63649_REUPLOAD_positive_MSMS.mgf,230.0,extracted_887b3958-2ee8-4643-8f5a-0796029c8998.mzML,242.0,C14,21,4
94,3OHC6 unsat but slower 4.222616667,80582.0,212.0913,C10H13NO4,5.0,0.0,4.222616667,1.0,3625900.0,1.0,2.0,,0.0,20211117_JGI-AK-TH_AP_507288_EColiHSLs_final_QE-139_C18_USDAY63649_REUPLOAD_positive_MSMS.mgf,bpbowen/20211117_JGI-AK-TH_AP_507288_EColiHSLs_final_QE-139_C18_USDAY63649_REUPLOAD_positive/featurems2/20211117_JGI-AK-TH_AP_507288_EColiHSLs_final_QE-139_C18_USDAY63649_REUPLOAD_positive_MSMS.mgf,316.0,extracted_887b3958-2ee8-4643-8f5a-0796029c8998.mzML,247.0,C10,13,4
95,3OHC14 unsat but slower 6.7006,10342.0,324.2168,C18H29NO4,5.0,0.0,6.7006,1.0,3601900.0,1.0,2.0,,0.0,20211117_JGI-AK-TH_AP_507288_EColiHSLs_final_QE-139_C18_USDAY63649_REUPLOAD_positive_MSMS.mgf,bpbowen/20211117_JGI-AK-TH_AP_507288_EColiHSLs_final_QE-139_C18_USDAY63649_REUPLOAD_positive/featurems2/20211117_JGI-AK-TH_AP_507288_EColiHSLs_final_QE-139_C18_USDAY63649_REUPLOAD_positive_MSMS.mgf,36.0,extracted_887b3958-2ee8-4643-8f5a-0796029c8998.mzML,249.0,C18,29,4
96,C19H33NO4 6.718533333,39620.0,340.2483,C19H33NO4,4.0,0.0,6.718533333,1.0,3540400.0,1.0,2.0,,0.0,20211117_JGI-AK-TH_AP_507288_EColiHSLs_final_QE-139_C18_USDAY63649_REUPLOAD_positive_MSMS.mgf,bpbowen/20211117_JGI-AK-TH_AP_507288_EColiHSLs_final_QE-139_C18_USDAY63649_REUPLOAD_positive/featurems2/20211117_JGI-AK-TH_AP_507288_EColiHSLs_final_QE-139_C18_USDAY63649_REUPLOAD_positive_MSMS.mgf,197.0,extracted_887b3958-2ee8-4643-8f5a-0796029c8998.mzML,251.0,C19,33,4
97,C15H25NO3 5.056283333,33899.0,268.19,C15H25NO3,4.0,0.0,5.056283333,1.0,3443300.0,1.0,2.0,,0.0,20211117_JGI-AK-TH_AP_507288_EColiHSLs_final_QE-139_C18_USDAY63649_REUPLOAD_positive_MSMS.mgf,bpbowen/20211117_JGI-AK-TH_AP_507288_EColiHSLs_final_QE-139_C18_USDAY63649_REUPLOAD_positive/featurems2/20211117_JGI-AK-TH_AP_507288_EColiHSLs_final_QE-139_C18_USDAY63649_REUPLOAD_positive_MSMS.mgf,137.0,extracted_887b3958-2ee8-4643-8f5a-0796029c8998.mzML,254.0,C15,25,3
98,C19H35NO3 7.2361,10389.0,326.269,C19H35NO3,3.0,0.0,7.2361,1.0,3429800.0,1.0,2.0,,0.0,20211117_JGI-AK-TH_AP_507288_EColiHSLs_final_QE-139_C18_USDAY63649_REUPLOAD_positive_MSMS.mgf,bpbowen/20211117_JGI-AK-TH_AP_507288_EColiHSLs_final_QE-139_C18_USDAY63649_REUPLOAD_positive/featurems2/20211117_JGI-AK-TH_AP_507288_EColiHSLs_final_QE-139_C18_USDAY63649_REUPLOAD_positive_MSMS.mgf,37.0,extracted_887b3958-2ee8-4643-8f5a-0796029c8998.mzML,256.0,C19,35,3
99,C18 7.851083333,44181.0,368.3159,C22H41NO3,3.0,0.0,7.851083333,1.0,2913300.0,1.0,2.0,,0.0,20211117_JGI-AK-TH_AP_507288_EColiHSLs_final_QE-139_C18_USDAY63649_REUPLOAD_positive_MSMS.mgf,bpbowen/20211117_JGI-AK-TH_AP_507288_EColiHSLs_final_QE-139_C18_USDAY63649_REUPLOAD_positive/featurems2/20211117_JGI-AK-TH_AP_507288_EColiHSLs_final_QE-139_C18_USDAY63649_REUPLOAD_positive_MSMS.mgf,233.0,extracted_887b3958-2ee8-4643-8f5a-0796029c8998.mzML,266.0,C22,41,3
100,C13H19NO4 5.2806,45759.0,254.1384,C13H19NO4,5.0,0.0,5.2806,1.0,2828900.0,1.0,2.0,,0.0,20211117_JGI-AK-TH_AP_507288_EColiHSLs_final_QE-139_C18_USDAY63649_REUPLOAD_positive_MSMS.mgf,bpbowen/20211117_JGI-AK-TH_AP_507288_EColiHSLs_final_QE-139_C18_USDAY63649_REUPLOAD_positive/featurems2/20211117_JGI-AK-TH_AP_507288_EColiHSLs_final_QE-139_C18_USDAY63649_REUPLOAD_positive_MSMS.mgf,238.0,extracted_887b3958-2ee8-4643-8f5a-0796029c8998.mzML,268.0,C13,19,4
101,slower C8 5.808716667,19473.0,228.1589,C12H21NO3,3.0,0.0,5.808716667,1.0,2596100.0,1.0,2.0,,0.0,20211117_JGI-AK-TH_AP_507288_EColiHSLs_final_QE-139_C18_USDAY63649_REUPLOAD_positive_MSMS.mgf,bpbowen/20211117_JGI-AK-TH_AP_507288_EColiHSLs_final_QE-139_C18_USDAY63649_REUPLOAD_positive/featurems2/20211117_JGI-AK-TH_AP_507288_EColiHSLs_final_QE-139_C18_USDAY63649_REUPLOAD_positive_MSMS.mgf,69.0,extracted_887b3958-2ee8-4643-8f5a-0796029c8998.mzML,278.0,C12,21,3
102,slower 3oxoC8 5.332366667,11852.0,242.139,C12H19NO4,4.0,0.0,5.332366667,1.0,2491900.0,1.0,2.0,,0.0,20211117_JGI-AK-TH_AP_507288_EColiHSLs_final_QE-139_C18_USDAY63649_REUPLOAD_positive_MSMS.mgf,bpbowen/20211117_JGI-AK-TH_AP_507288_EColiHSLs_final_QE-139_C18_USDAY63649_REUPLOAD_positive/featurems2/20211117_JGI-AK-TH_AP_507288_EColiHSLs_final_QE-139_C18_USDAY63649_REUPLOAD_positive_MSMS.mgf,49.0,extracted_887b3958-2ee8-4643-8f5a-0796029c8998.mzML,281.0,C12,19,4
103,C8 double 4.271,7452.0,226.1437,C12H19NO3,4.0,0.0,4.271,1.0,2460000.0,1.0,2.0,,0.0,20211117_JGI-AK-TH_AP_507288_EColiHSLs_final_QE-139_C18_USDAY63649_REUPLOAD_positive_MSMS.mgf,bpbowen/20211117_JGI-AK-TH_AP_507288_EColiHSLs_final_QE-139_C18_USDAY63649_REUPLOAD_positive/featurems2/20211117_JGI-AK-TH_AP_507288_EColiHSLs_final_QE-139_C18_USDAY63649_REUPLOAD_positive_MSMS.mgf,15.0,extracted_887b3958-2ee8-4643-8f5a-0796029c8998.mzML,282.0,C12,19,3
104,slower 3OHC8 5.0325,14477.0,244.1544,C12H21NO4,3.0,0.0,5.0325,1.0,2003500.0,1.0,2.0,,0.0,20211117_JGI-AK-TH_AP_507288_EColiHSLs_final_QE-139_C18_USDAY63649_REUPLOAD_positive_MSMS.mgf,bpbowen/20211117_JGI-AK-TH_AP_507288_EColiHSLs_final_QE-139_C18_USDAY63649_REUPLOAD_positive/featurems2/20211117_JGI-AK-TH_AP_507288_EColiHSLs_final_QE-139_C18_USDAY63649_REUPLOAD_positive_MSMS.mgf,58.0,extracted_887b3958-2ee8-4643-8f5a-0796029c8998.mzML,293.0,C12,21,4
105,3OHC12 2 double 4.620683333,62788.0,296.185,C16H25NO4,5.0,0.0,4.620683333,1.0,1989300.0,1.0,2.0,,0.0,20211117_JGI-AK-TH_AP_507288_EColiHSLs_final_QE-139_C18_USDAY63649_REUPLOAD_positive_MSMS.mgf,bpbowen/20211117_JGI-AK-TH_AP_507288_EColiHSLs_final_QE-139_C18_USDAY63649_REUPLOAD_positive/featurems2/20211117_JGI-AK-TH_AP_507288_EColiHSLs_final_QE-139_C18_USDAY63649_REUPLOAD_positive_MSMS.mgf,274.0,extracted_887b3958-2ee8-4643-8f5a-0796029c8998.mzML,294.0,C16,25,4
106,3OHC12 unsat but slower 6.352816667,63696.0,296.1857,C16H25NO4,5.0,0.0,6.352816667,1.0,1862800.0,1.0,2.0,,0.0,20211117_JGI-AK-TH_AP_507288_EColiHSLs_final_QE-139_C18_USDAY63649_REUPLOAD_positive_MSMS.mgf,bpbowen/20211117_JGI-AK-TH_AP_507288_EColiHSLs_final_QE-139_C18_USDAY63649_REUPLOAD_positive/featurems2/20211117_JGI-AK-TH_AP_507288_EColiHSLs_final_QE-139_C18_USDAY63649_REUPLOAD_positive_MSMS.mgf,280.0,extracted_887b3958-2ee8-4643-8f5a-0796029c8998.mzML,298.0,C16,25,4
107,C24H43NO3 8.07615,60819.0,394.331,C24H43NO3,4.0,0.0,8.07615,1.0,1778400.0,1.0,2.0,,0.0,20211117_JGI-AK-TH_AP_507288_EColiHSLs_final_QE-139_C18_USDAY63649_REUPLOAD_positive_MSMS.mgf,bpbowen/20211117_JGI-AK-TH_AP_507288_EColiHSLs_final_QE-139_C18_USDAY63649_REUPLOAD_positive/featurems2/20211117_JGI-AK-TH_AP_507288_EColiHSLs_final_QE-139_C18_USDAY63649_REUPLOAD_positive_MSMS.mgf,266.0,extracted_887b3958-2ee8-4643-8f5a-0796029c8998.mzML,301.0,C24,43,3
108,C18 2 double 6.2881,92325.0,364.2831,C22H37NO3,5.0,0.0,6.2881,1.0,1688300.0,1.0,2.0,,0.0,20211117_JGI-AK-TH_AP_507288_EColiHSLs_final_QE-139_C18_USDAY63649_REUPLOAD_positive_MSMS.mgf,bpbowen/20211117_JGI-AK-TH_AP_507288_EColiHSLs_final_QE-139_C18_USDAY63649_REUPLOAD_positive/featurems2/20211117_JGI-AK-TH_AP_507288_EColiHSLs_final_QE-139_C18_USDAY63649_REUPLOAD_positive_MSMS.mgf,327.0,extracted_887b3958-2ee8-4643-8f5a-0796029c8998.mzML,302.0,C22,37,3
109,slower 3OHC8 4.50435,15422.0,244.1535,C12H21NO4,3.0,0.0,4.50435,1.0,1523000.0,1.0,2.0,,0.0,20211117_JGI-AK-TH_AP_507288_EColiHSLs_final_QE-139_C18_USDAY63649_REUPLOAD_positive_MSMS.mgf,bpbowen/20211117_JGI-AK-TH_AP_507288_EColiHSLs_final_QE-139_C18_USDAY63649_REUPLOAD_positive/featurems2/20211117_JGI-AK-TH_AP_507288_EColiHSLs_final_QE-139_C18_USDAY63649_REUPLOAD_positive_MSMS.mgf,62.0,extracted_887b3958-2ee8-4643-8f5a-0796029c8998.mzML,304.0,C12,21,4
110,slower 3oxoC16 7.1777,65596.0,354.2638,C20H35NO4,4.0,0.0,7.1777,1.0,1152900.0,1.0,2.0,,0.0,20211117_JGI-AK-TH_AP_507288_EColiHSLs_final_QE-139_C18_USDAY63649_REUPLOAD_positive_MSMS.mgf,bpbowen/20211117_JGI-AK-TH_AP_507288_EColiHSLs_final_QE-139_C18_USDAY63649_REUPLOAD_positive/featurems2/20211117_JGI-AK-TH_AP_507288_EColiHSLs_final_QE-139_C18_USDAY63649_REUPLOAD_positive_MSMS.mgf,286.0,extracted_887b3958-2ee8-4643-8f5a-0796029c8998.mzML,312.0,C20,35,4
111,slower 3oxoC10 5.958416667,20336.0,270.17,C14H23NO4,4.0,0.0,5.958416667,1.0,1074300.0,1.0,2.0,,0.0,20211117_JGI-AK-TH_AP_507288_EColiHSLs_final_QE-139_C18_USDAY63649_REUPLOAD_positive_MSMS.mgf,bpbowen/20211117_JGI-AK-TH_AP_507288_EColiHSLs_final_QE-139_C18_USDAY63649_REUPLOAD_positive/featurems2/20211117_JGI-AK-TH_AP_507288_EColiHSLs_final_QE-139_C18_USDAY63649_REUPLOAD_positive_MSMS.mgf,75.0,extracted_887b3958-2ee8-4643-8f5a-0796029c8998.mzML,315.0,C14,23,4
112,C19H33NO3 6.821816667,10205.0,324.2535,C19H33NO3,4.0,0.0,6.821816667,1.0,939800.0,1.0,2.0,,0.0,20211117_JGI-AK-TH_AP_507288_EColiHSLs_final_QE-139_C18_USDAY63649_REUPLOAD_positive_MSMS.mgf,bpbowen/20211117_JGI-AK-TH_AP_507288_EColiHSLs_final_QE-139_C18_USDAY63649_REUPLOAD_positive/featurems2/20211117_JGI-AK-TH_AP_507288_EColiHSLs_final_QE-139_C18_USDAY63649_REUPLOAD_positive_MSMS.mgf,34.0,extracted_887b3958-2ee8-4643-8f5a-0796029c8998.mzML,317.0,C19,33,3
113,C15H25NO4 6.41895,34846.0,284.1854,C15H25NO4,4.0,0.0,6.41895,1.0,772800.0,1.0,2.0,,0.0,20211117_JGI-AK-TH_AP_507288_EColiHSLs_final_QE-139_C18_USDAY63649_REUPLOAD_positive_MSMS.mgf,bpbowen/20211117_JGI-AK-TH_AP_507288_EColiHSLs_final_QE-139_C18_USDAY63649_REUPLOAD_positive/featurems2/20211117_JGI-AK-TH_AP_507288_EColiHSLs_final_QE-139_C18_USDAY63649_REUPLOAD_positive_MSMS.mgf,141.0,extracted_887b3958-2ee8-4643-8f5a-0796029c8998.mzML,321.0,C15,25,4
114,slower C10 6.372483333,112131.0,256.1908,C14H25NO3,3.0,0.0,6.372483333,1.0,762400.0,1.0,2.0,,0.0,20211117_JGI-AK-TH_AP_507288_EColiHSLs_final_QE-139_C18_USDAY63649_REUPLOAD_positive_MSMS.mgf,bpbowen/20211117_JGI-AK-TH_AP_507288_EColiHSLs_final_QE-139_C18_USDAY63649_REUPLOAD_positive/featurems2/20211117_JGI-AK-TH_AP_507288_EColiHSLs_final_QE-139_C18_USDAY63649_REUPLOAD_positive_MSMS.mgf,336.0,extracted_887b3958-2ee8-4643-8f5a-0796029c8998.mzML,323.0,C14,25,3
115,slower 3OHC4 2.07355,87857.0,188.092,C8H13NO4,3.0,0.0,2.07355,1.0,730900.0,1.0,2.0,,0.0,20211117_JGI-AK-TH_AP_507288_EColiHSLs_final_QE-139_C18_USDAY63649_REUPLOAD_positive_MSMS.mgf,bpbowen/20211117_JGI-AK-TH_AP_507288_EColiHSLs_final_QE-139_C18_USDAY63649_REUPLOAD_positive/featurems2/20211117_JGI-AK-TH_AP_507288_EColiHSLs_final_QE-139_C18_USDAY63649_REUPLOAD_positive_MSMS.mgf,325.0,extracted_887b3958-2ee8-4643-8f5a-0796029c8998.mzML,326.0,C8,13,4
116,faster3OHC12 1.351033333,76526.0,300.2169,C16H29NO4,3.0,0.0,1.351033333,1.0,651500.0,1.0,2.0,,0.0,20211117_JGI-AK-TH_AP_507288_EColiHSLs_final_QE-139_C18_USDAY63649_REUPLOAD_positive_MSMS.mgf,bpbowen/20211117_JGI-AK-TH_AP_507288_EColiHSLs_final_QE-139_C18_USDAY63649_REUPLOAD_positive/featurems2/20211117_JGI-AK-TH_AP_507288_EColiHSLs_final_QE-139_C18_USDAY63649_REUPLOAD_positive_MSMS.mgf,308.0,extracted_887b3958-2ee8-4643-8f5a-0796029c8998.mzML,330.0,C16,29,4
